{
  "block_23": {
    "diameter": 0.1507481336593628,
    "min_x": -0.032499998807907104,
    "min_y": -0.019999999552965164,
    "min_z": -0.06499999761581421,
    "size_x": 0.06499999761581421,
    "size_y": 0.03999999910593033,
    "size_z": 0.12999999523162842
  },
  "block_25": {
    "diameter": 0.11280514299869537,
    "min_x": -0.032499998807907104,
    "min_y": -0.029999999329447746,
    "min_z": -0.03500000014901161,
    "size_x": 0.06499999761581421,
    "size_y": 0.05999999865889549,
    "size_z": 0.07000000029802322
  }
}