{"K": [1066.7779541015625, 0.0, 312.9869079589844, 0.0, 1067.487060546875, 241.31089782714844, 0.0, 0.0, 1.0], "class_name": "block_25", "init_pose": [0.6496493816375732, 0.7332091927528381, 0.07462716102600098, -0.18652285635471344, -0.08904405683279037, 0.048992257565259933, 1.4330447912216187], "gt_pose": [0.7366459369659424, 0.5627094507217407, 0.21367992460727692, -0.30830463767051697, -0.0822252407670021, 0.03326483070850372, 1.4382773637771606]}