{"K": [1066.7779541015625, 0.0, 312.9869079589844, 0.0, 1067.487060546875, 241.31089782714844, 0.0, 0.0, 1.0], "class_name": "block_23", "init_pose": [-0.05456782877445221, -0.053530819714069366, 0.992292046546936, -0.09753628820180893, -0.1388905793428421, -0.13713638484477997, 1.4723721742630005], "gt_pose": [0.0022342156153172255, 0.23299440741539001, -0.9581512212753296, 0.16629764437675476, -0.12388667464256287, -0.11737112700939178, 1.4686535596847534]}