{"K": [1066.7779541015625, 0.0, 312.9869079589844, 0.0, 1067.487060546875, 241.31089782714844, 0.0, 0.0, 1.0], "class_name": "block_25", "init_pose": [0.3382267951965332, 0.23434285819530487, -0.7406176924705505, -0.5311981439590454, -0.14072462916374207, -0.10550575703382492, 1.1858304738998413], "gt_pose": [0.2732757031917572, 0.16463787853717804, -0.8472479581832886, -0.42471829056739807, -0.1388879418373108, -0.0987091138958931, 1.1667550802230835]}