{"K": [1066.7779541015625, 0.0, 312.9869079589844, 0.0, 1067.487060546875, 241.31089782714844, 0.0, 0.0, 1.0], "class_name": "block_25", "init_pose": [0.09767826646566391, 0.11903800815343857, -0.7648671269416809, -0.6255135536193848, 0.07562363147735596, 0.08522626012563705, 1.1818830966949463], "gt_pose": [0.18112850189208984, 0.19010242819786072, -0.829744279384613, -0.4925220012664795, 0.08804155886173248, 0.08539524674415588, 1.188673734664917]}