{"K": [1066.7779541015625, 0.0, 312.9869079589844, 0.0, 1067.487060546875, 241.31089782714844, 0.0, 0.0, 1.0], "class_name": "block_25", "init_pose": [0.13639312982559204, -0.0830826610326767, -0.8969438076019287, 0.41229355335235596, -0.17453956604003906, -0.05772628262639046, 1.3593615293502808], "gt_pose": [-0.12653502821922302, -0.1439668834209442, -0.8282793164253235, 0.5265129208564758, -0.14878138899803162, -0.057587143033742905, 1.3567050695419312]}