{"K": [1066.7779541015625, 0.0, 312.9869079589844, 0.0, 1067.487060546875, 241.31089782714844, 0.0, 0.0, 1.0], "class_name": "block_23", "init_pose": [0.7409231662750244, 0.3051016330718994, -0.5897775292396545, -0.10054013878107071, -0.05284713953733444, -0.07851432263851166, 1.0143392086029053], "gt_pose": [0.7821008563041687, 0.17635631561279297, -0.4632515013217926, -0.3776437044143677, -0.039965007454156876, -0.08305121958255768, 1.0154069662094116]}