{"K": [1066.7779541015625, 0.0, 312.9869079589844, 0.0, 1067.487060546875, 241.31089782714844, 0.0, 0.0, 1.0], "class_name": "block_23", "init_pose": [0.6445332765579224, 0.6680835485458374, 0.3674735724925995, -0.05660727992653847, 0.24725405871868134, -0.11929263919591904, 1.4328032732009888], "gt_pose": [0.5430335998535156, 0.8228052854537964, 0.13542145490646362, 0.09882821142673492, 0.24404314160346985, -0.12029320746660233, 1.4707378149032593]}