{"K": [1066.7779541015625, 0.0, 312.9869079589844, 0.0, 1067.487060546875, 241.31089782714844, 0.0, 0.0, 1.0], "class_name": "block_23", "init_pose": [0.17931680381298065, 0.18280282616615295, -0.9552533030509949, -0.14805297553539276, -0.14798495173454285, -0.08139007538557053, 1.3509721755981445], "gt_pose": [-0.1715252697467804, 0.02293257974088192, 0.9472038149833679, 0.26992249488830566, -0.15687797963619232, -0.08592509478330612, 1.3832404613494873]}