{"K": [1066.7779541015625, 0.0, 312.9869079589844, 0.0, 1067.487060546875, 241.31089782714844, 0.0, 0.0, 1.0], "class_name": "block_23", "init_pose": [0.6618418097496033, 0.10082177072763443, -0.7364558577537537, -0.09712475538253784, -0.036819469183683395, 0.043421462178230286, 0.9850723147392273], "gt_pose": [-0.6645264029502869, -0.0767609253525734, 0.7247087359428406, 0.1652565598487854, -0.024161500856280327, 0.04898212105035782, 1.0315388441085815]}