{"K": [1066.7779541015625, 0.0, 312.9869079589844, 0.0, 1067.487060546875, 241.31089782714844, 0.0, 0.0, 1.0], "class_name": "block_23", "init_pose": [0.030422896146774292, 0.2826574444770813, -0.40282586216926575, 0.8700060248374939, 0.09230519086122513, -0.08831951022148132, 1.1902227401733398], "gt_pose": [0.15263594686985016, -0.015017631463706493, -0.7684242725372314, 0.6212897300720215, 0.09146412461996078, -0.09054774791002274, 1.3007317781448364]}