{"K": [1066, 0.0, 320, 0.0, 1066, 240, 0.0, 0.0, 1.0], "class_name": "block_23", "init_pose": [-0.3445045133452201, -0.016421666893129988, 0.5101136423283328, 0.7879283487683386, -0.15687797963619232, -0.08592509478330612, 1.3832404613494873]}
