{"K": [1066, 0.0, 320, 0.0, 1066, 240, 0.0, 0.0, 1.0], "class_name": "block_23", "init_pose": [0.2852252755902931, -0.10429489103273006, 0.9193816005583291, 0.25001326397767465, 0.023122020363807685, -0.025925094783306124, 1.3832404613494873]}
