{"K": [1066, 0.0, 320, 0.0, 1066, 240, 0.0, 0.0, 1.0], "class_name": "block_25", "init_pose": [-0.45444494114963885, -0.560543747301897, -0.10628692964147356, 0.6840859837423189, 0.0631220203638077, 0.054074905216693885, 1.3832404613494873]}
