{"K": [1066, 0.0, 320, 0.0, 1066, 240, 0.0, 0.0, 1.0], "class_name": "block_25", "init_pose": [-0.12766048753079923, -0.043803181698133596, -0.4883402177883494, -0.862153092338018, -0.03687797963619232, -0.15592509478330613, 1.3832404613494873]}
