{"K": [1066, 0.0, 320, 0.0, 1066, 240, 0.0, 0.0, 1.0], "class_name": "block_23", "init_pose": [-0.046422940060116866, -0.012495567110164349, 0.9614888953684941, 0.2706065728375693, -0.21687797963619238, -0.04592509478330613, 1.3832404613494873]}
