{"K": [1066, 0.0, 320, 0.0, 1066, 240, 0.0, 0.0, 1.0], "class_name": "block_25", "init_pose": [0.5206301370549786, 0.6639299730927067, -0.1421848223028926, -0.5176144987024482, -0.006877979636192315, -0.16592509478330614, 1.3832404613494873]}
